{"cameraMode":{"drawMode":0,"name":"Shaded","section":"Shading Mode"},"sceneLighting":true,"audioPlay":false,"sceneViewState":{"showFog":true,"showMaterialUpdate":false,"showSkybox":true,"showFlares":true,"showImageEffects":true,"showParticleSystems":true},"in2DMode":false,"pivot":{"x":554.666259765625,"y":314.9265441894531,"z":7.773440361022949},"rotation":{"x":-0.1693086475133896,"y":-0.2133868932723999,"z":0.037576835602521899,"w":-0.9614521265029907},"size":438.95123291015627,"orthographic":false}